{"entities":{"pages":{"FTNL-Translate":{"id":"FTNL-Translate","title":"FTNL-Translate","url":"ftnl-translate.html","level":0,"tabIndex":0},"Tutoriels":{"id":"Tutoriels","title":"Tutoriels","url":"tutoriels.html","level":0,"pages":["How-to-add-product","Comment-configurer-une-langue"],"tabIndex":1},"How-to-add-product":{"id":"How-to-add-product","title":"Comment ajouté FTNL-Translate a votre serveur discord","url":"how-to-add-product.html","level":1,"parentId":"Tutoriels","tabIndex":0},"Comment-configurer-une-langue":{"id":"Comment-configurer-une-langue","title":"Comment configurer une langue","url":"comment-configurer-une-langue.html","level":1,"parentId":"Tutoriels","tabIndex":1},"premium":{"id":"premium","title":"Prémium","url":"premium.html","level":0,"tabIndex":2}}},"topLevelIds":["FTNL-Translate","Tutoriels","premium"]}