{"entities":{"pages":{"FTNL-Legacy":{"id":"FTNL-Legacy","title":"FTNL-Legacy","url":"ftnl-legacy.html","level":0,"pages":["Comment-ajouté-ftnl-product-a-votre-serveur"],"tabIndex":0},"Comment-ajouté-ftnl-product-a-votre-serveur":{"id":"Comment-ajouté-ftnl-product-a-votre-serveur","title":"Comment ajouter FTNL-Legacy a votre serveur discord","url":"comment-ajouté-ftnl-product-a-votre-serveur.html","level":1,"parentId":"FTNL-Legacy","tabIndex":0},"FTNL-Translate":{"id":"FTNL-Translate","title":"FTNL-Translate","url":"ftnl-translate.html","level":0,"pages":["How-to-add-product","Comment-configurer-une-langue","Comment-traduire-un-message","premium"],"tabIndex":1},"How-to-add-product":{"id":"How-to-add-product","title":"Comment ajouter FTNL-Translate a votre serveur discord","url":"how-to-add-product.html","level":1,"parentId":"FTNL-Translate","tabIndex":0},"Comment-configurer-une-langue":{"id":"Comment-configurer-une-langue","title":"Comment configurer une langue","url":"comment-configurer-une-langue.html","level":1,"parentId":"FTNL-Translate","tabIndex":1},"Comment-traduire-un-message":{"id":"Comment-traduire-un-message","title":"Comment traduire un message","url":"comment-traduire-un-message.html","level":1,"parentId":"FTNL-Translate","tabIndex":2},"premium":{"id":"premium","title":"Prémium","url":"premium.html","level":1,"parentId":"FTNL-Translate","tabIndex":3}}},"topLevelIds":["FTNL-Legacy","FTNL-Translate"]}